título,descripción,fecha
"Evento: Comunidad ","Vacaciones verano 2025/2026 (receso verano)","26-01-2026"
"Evento: Estudiante Término","PAE: Programa Académico Estudiantil 2025","23-01-2026"
"Evento: Profesor ","EDDA: Plazo profesores envíen eventuales apelaciones a evaluación de actividades 2025","23-01-2026"
"Evento: Profesor ","EDDA: Plazo para que los Directores de Departamento ingresen en la plataforma EDDA evaluación de actividades realizado en 2025","14-01-2026"
"Evento: Comunidad ","Ceremonia de Titulación Estudiantes pregrado Sede Concepción","13-01-2026"
"Evento: Comunidad ","Día del Funcionario 2026","09-01-2026"
"Evento: Estudiante Término","Proceso Impedimentos Académicos 2025‑2 (Estudiantes pregrado vespertino)","09-01-2026"
"Evento: Estudiante Inicio","Proceso Impedimentos Académicos 2025‑2 (Estudiantes pregrado vespertino)","05-01-2026"
"Evento: Comunidad ","Suspensión de actividades académicas y administrativas, excepto aquellos servicios que deban mantenerse.","02-01-2026"
"Evento: Comunidad ","Suspensión de actividades académicas y administrativas desde 12:00 hrs. en adelante.","31-12-2025"
"Evento: Estudiante Término","Término del plazo de presentación de solicitudes en el 2º semestre académico para ser considerado Estudiante ausente (retiro temporal o congelamiento); retirarse definitivamente de la Universidad sin llevar notas (Estudiantes pregrado vespertino régimen semestral).","26-12-2025"
"Evento: Estudiante Inicio","Término del plazo de presentación de solicitudes en el 2º semestre académico para ser considerado Estudiante ausente (retiro temporal o congelamiento); retirarse definitivamente de la Universidad sin llevar notas (Estudiantes pregrado vespertino régimen semestral).","26-12-2025"
"Evento: Comunidad ","Suspensión de actividades académicas y administrativas, excepto aquellos servicios que deban mantenerse.","26-12-2025"
"Evento: Estudiante Inicio","Plazo profesores ingresen en plataforma SIGA notas finales en asignaturas 2025‑2 para carreras régimen vespertino (semestral).","26-12-2025"
"Evento: Comunidad ","Suspensión de actividades académicas y administrativas, excepto aquellos servicios que deban mantenerse.","24-12-2025"
"Evento: Comunidad ","Término de Clases Segundo Semestre 2025 para Carreras de Pregrado Jornada Vespertina (Régimen Semestral).","23-12-2025"
"Evento: Comunidad ","Ceremonia Romería Fallecimiento Federico Santa María","20-12-2025"
"Evento: Comunidad ","Ceremonia de Graduación Estudiantes Postgrados.","20-12-2025"
"Evento: Profesor ","EDDA: Plazo para que los profesores ingresen en la plataforma EDDA el informe de actividades realizado en 2025.","19-12-2025"
"Evento: Estudiante Término","Proceso Impedimentos Académicos 2025‑2 (Estudiantes pregrado diurno)","18-12-2025"
"Evento: Comunidad ","Ceremonia de Titulación Estudiantes pregrado Campus Casa Central Valparaíso.","18-12-2025"
"Evento: Estudiante Inicio","Proceso Impedimentos Académicos 2025‑2 (Estudiantes pregrado diurno)","16-12-2025"
"Evento: Estudiante Inicio","PAE: Programa Académico Estudiantil 2025","15-12-2025"
"Evento: Profesor Término","Programación Académica 2026‑1","28-11-2025"
"Evento: Comunidad ","Ceremonia de distinción a Estudiantes por participación en actividades extraprogramáticas","20-11-2025"
"Evento: Comunidad ","Elecciones Presidenciales y Parlamentarias","16-11-2025"
"Evento: Profesor ","Dirección de Estudios, Dirección de Postgrado y Dirección Académica entrega lista de Titulados/Graduados a Secretaría General.","14-11-2025"
"Evento: Comunidad Término","Término de Clases Segundo Semestre 2025 para Carreras de Pregrado Diurno y Programas de Postgrado Científico‑Tecnológico.","05-12-2025"
"Evento: Profesor Inicio","Plazo profesores ingresen en plataforma SIGA notas finales en asignaturas 2025‑2 para carreras régimen diurno y programas de postgrado profesionales y científicos.","05-12-2025"
"Evento: Comunidad ","Segunda Vuelta Presidencial","14-12-2025"
"Evento: Comunidad Término","Ceremonia de Titulación Estudiantes pregrado Sede Viña del Mar","10-10-2025"
"Evento: Comunidad Inicio","Ceremonia de Titulación Estudiantes pregrado Sede Viña del Mar","09-10-2025"
"Evento: Comunidad ","Ceremonia de Titulación Estudiantes pregrado Campus Santiago San Joaquín.","02-12-2025"
"Evento: Comunidad ","Ceremonia de Titulación Estudiantes pregrado Campus Santiago Vitacura.","03-12-2025"
"Evento: Estudiante Inicio","PAE: Programa Académico Estudiantil 2025","15-12-2025"
"Evento: Estudiante Inicio","Proceso Impedimentos Académicos 2025‑2 (Estudiantes pregrado diurno)","16-12-2025"
"Evento: Comunidad Término","Vacaciones para Estudiantes: suspensión de actividades docentes.","19-09-2025"
"Evento: Comunidad Inicio","Vacaciones para Estudiantes: suspensión de actividades docentes.","15-09-2025"
"Evento: Comunidad Término","Por vacaciones no se realizarán certámenes, controles, entrega de informes ni tareas (Colchón Académico)","23-09-2025"
"Evento: Comunidad Inicio","Por vacaciones no se realizarán certámenes, controles, entrega de informes ni tareas (Colchón Académico)","22-09-2025"
"Evento: Estudiante Inicio","Periodo solicitudes académicas asociadas a bajas cargas académicas: Matrícula Sin Ramos y Alumno Regular Dedicación Parcial (Estudiantes pregrado vespertino)","22-09-2025"
"Evento: Estudiante Término","Periodo solicitudes académicas asociadas a bajas cargas académicas: Matrícula Sin Ramos y Alumno Regular Dedicación Parcial (Estudiantes pregrado vespertino)","05-12-2025"
"Evento: Estudiante Inicio","Periodo solicitud académica Rebaja Académica Voluntaria (RAV) (Estudiantes pregrado vespertino)","22-09-2025"
"Evento: Estudiante Término","Periodo solicitud académica Rebaja Académica Voluntaria (RAV) (Estudiantes pregrado vespertino)","05-12-2025"
"Evento: Comunidad ","Días Sansanos, suspensión de actividades docentes a partir del bloque 6 (12:30 hrs.) — Término","07-10-2025"
"Evento: Comunidad ","Días Sansanos, suspensión de actividades docentes a partir del bloque 6 (12:30 hrs.) — Inicio","06-10-2025"
"Evento: Comunidad ","Ceremonia Diplomado en Docencia USM.","06-10-2025"
"Evento: Profesor ","Plazo para entregar a la Vicerrectoría Académica Plan de Perfeccionamiento Departamental.","03-10-2025"
"Evento: Estudiante Término","Término de plazo para defensas de Título correspondientes a 2025‑1 sin pago de matrícula para carreras de Pregrado Diurno","08-08-2025"
"Evento: Comunidad ","Término de plazo para defensas de Título correspondientes a 2025‑1 sin pago de matrícula para carreras de Pregrado Vespertino.","08-08-2025"
"Evento: Comunidad ","Ceremonia de Reconocimiento por años de Servicio en la Institución, Teatro Aula Magna, Valparaíso.","08-08-2025"
"Evento: Estudiante Término","Periodo de modificación excepcional Inscripciones, para carreras de pregrado diurno.","15-08-2025"
"Evento: Estudiante Inicio","Periodo de modificación excepcional Inscripciones, para carreras de pregrado diurno.","09-08-2025"
"Evento: Comunidad Término","Término de Clases Primer Semestre 2025 para Carreras de Pregrado Jornada Vespertina (Régimen Semestral).","08-08-2025"
"Evento: Comunidad Inicio","Inicio de Clases Segundo Semestre 2025 para Carreras de Pregrado Diurno y Programas de Postgrado Científico‑Tecnológico.","25-08-2025"
"Evento: Estudiante Inicio","Inscripción de asignaturas 2025‑2, para carreras de pregrado vespertino (régimen semestral).","15-08-2025"
"Evento: Comunidad ","Natalicio de Don Federico Santa María Carrera.","15-08-2025"
"Evento: Estudiante Término","Periodo de matrícula segundo semestre 2025 para Carreras de pregrado vespertino semestral.","22-08-2025"
"Evento: Estudiante Inicio","Periodo de matrícula segundo semestre 2025 para Carreras de pregrado vespertino semestral.","15-08-2025"
"Evento: Estudiante Término","Proceso Impedimentos Académicos 2025‑1.","17-07-2025"
"Evento: Estudiante Término","Periodo solicitud académica Excepción al Reglamento.","17-07-2025"
"Evento: Estudiante Inicio","Proceso Impedimentos Académicos 2025‑1.","15-07-2025"
"Evento: Estudiante Inicio","Periodo solicitud académica Excepción al Reglamento.","15-07-2025"
"Evento: Estudiante Término","Asignación Horario Primer Año 2025‑2 (Campus Casa Central Valparaíso, Campus Santiago San Joaquín y Campus Santiago Vitacura).","21-07-2025"
"Evento: Estudiante Inicio","Asignación Horario Primer Año 2025‑2 (Campus Casa Central Valparaíso, Campus Santiago San Joaquín y Campus Santiago Vitacura).","17-07-2025"
"Evento: Comunidad Término","Encuesta de Satisfacción Institucional (Académicos y Funcionarios)","03-08-2025"
"Evento: Estudiante Término","Encuesta de Satisfacción Institucional.","18-08-2025"
"Evento: Comunidad Inicio","Encuesta de Satisfacción Institucional.","04-08-2025"
"Evento: Comunidad ","Ceremonia de bienvenida y jornada de orientación para Estudiantes de intercambio 2do semestre 2025.","30-07-2025"
"Evento: Estudiante Término","Plazo para jefaturas de carrera puedan visar los y las ayudantes en Plataforma de Ayudantías (PAU)","04-08-2025"
"Evento: Estudiante Inicio","Plazo para jefaturas de carrera puedan visar los y las ayudantes en Plataforma de Ayudantías (PAU)","29-07-2025"
"Evento: Estudiante Término","Periodo solicitud académica asociadas equivalencias asignaturas USM/Reconocer cursos de otras entidades educativas. (Estudiantes pregrado vespertino)","05-09-2025"
"Evento: Estudiante Inicio","Periodo solicitud académica asociadas equivalencias asignaturas USM/Reconocer cursos de otras entidades educativas. (Estudiantes pregrado vespertino)","28-07-2025"
"Evento: Profesor Inicio","Plazo para pre‑selección ayudantías 2do semestre 2025","24-07-2025"
"Evento: Estudiante Término","Periodo solicitud académica de Desinscripción de asignaturas (Estudiantes pregrado diurno)","22-08-2025"
"Evento: Estudiante Inicio","Periodo solicitud académica de Desinscripción de asignaturas (Estudiantes pregrado diurno)","22-07-2025"
"Evento: Estudiante Inicio","Inscripción de asignaturas 2025‑2, para Carreras de pregrado diurno y programas de postgrado científico‑tecnológico.","22-07-2025"
"Evento: Estudiante Término","Inscripción de asignaturas 2025‑2, para Carreras de pregrado diurno y programas de postgrado científico‑tecnológico.","31-07-2025"
"Evento: Comunidad ","Resultados postulación a especialidad en plataforma SIGA de Estudiantes de Plan Común que cumplan con los requisitos indicados en la circular respectiva.","21-07-2025"
"Evento: Estudiante Término","Proceso Impedimentos Académicos 2025‑1.","17-07-2025"
"Evento: Estudiante Término","Periodo solicitud académica Excepción al Reglamento.","17-07-2025"
"Evento: Estudiante Inicio","Proceso Impedimentos Académicos 2025‑1.","15-07-2025"
"Evento: Estudiante Inicio","Periodo solicitud académica Excepción al Reglamento.","15-07-2025"
"Evento: Comunidad ","Inicio de Clases Segundo Semestre 2025 para Carreras de Pregrado Jornada Vespertina (Régimen Semestral)","04-08-2025"
"Evento: Estudiante Término","Ceremonia de Reconocimiento por años de Servicio en la Institución, Teatro Aula Magna, Valparaíso.","08-08-2025"
"Evento: Comunidad Término","Término de Clases Primer Semestre 2025 para Carreras de Pregrado Jornada Vespertina (Régimen Semestral).","08-08-2025"
"Evento: Comunidad ","Ceremonia de bienvenida y jornada de orientación para Estudiantes de intercambio 2do semestre 2025.","30-07-2025"
"Evento: Estudiante Término","Periodo de modificación excepcional Inscripciones, para carreras de pregrado diurno.","09-08-2025"
"Evento: Estudiante Inicio","Periodo de modificación excepcional Inscripciones, para carreras de pregrado diurno.","09-08-2025"
"Evento: Profesor Término","Término de plazo para que profesores ingresen en plataforma AULA calendari zación y sistema de evaluación asignaturas 2025‑2. Estudiantes pregrado vespertino (régimen semestral).","24-09-2025"
"Evento: Comunidad Término","Cierre del proceso de ayudantía para el segundo semestre de 2025.","29-08-2025"
"Evento: Estudiante Inicio","Periodo solicitud académica asociadas a modificaciones de inscripción (sin prerrequisito, cursar otro Campus/Sede, mayor cantidad de créditos). (Estudiantes pregrado vespertino)","01-09-2025"
"Evento: Estudiante Término","Periodo solicitud académica asociadas a modificaciones de inscripción (sin prerrequisito, cursar otro Campus/Sede, mayor cantidad de créditos). (Estudiantes pregrado vespertino)","05-09-2025"
"Evento: Estudiante Inicio","Postulaciones para estudiar en el extranjero para carreras de más de 8 semestres y vespertinas durante 2º semestre académico 2026 y/o 1º semestre académico 2027, en Dirección de Asuntos Internacionales.","01-09-2025"
"Evento: Estudiante Término","Postulaciones para estudiar en el extranjero para carreras de más de 8 semestres y vespertinas durante 2º semestre académico 2026 y/o 1º semestre académico 2027, en Dirección de Asuntos Internacionales.","15-10-2025"
"Evento: Estudiante ","Actualización Calidades Estudiantes (Abandono de Estudios y otras)","01-09-2025"
"Evento: Estudiante ","Muestra Costumbrista","09-09-2025"
"Evento: Comunidad ","Por vacaciones no se realizarán certámenes, controles, entrega de informes ni tareas (Colchón Académico)","22-09-2025"
"Evento: Estudiante Término","Periodo solicitudes académicas asociadas a bajas cargas académicas: Matrícula Sin Ramos y Alumno Regular Dedicación Parcial (Estudiantes pregrado vespertino)","05-12-2025"
"Evento: Estudiante Término","Periodo solicitud académica Rebaja Académica Voluntaria (RAV) (Estudiantes pregrado vespertino)","05-12-2025"
"Evento: Estudiante Término","Plazo de presentación de solicitudes en el 2º semestre académico para ser considerado Estudiante ausente (retiro temporal o congelamiento); retirarse definitivamente de la Universidad sin llevar notas (Estudiantes pregrado vespertino régimen semestral).","05-12-2025"
"Evento: Estudiante Inicio","Plazo de presentación de solicitudes en el 2º semestre académico para ser considerado Estudiante ausente (retiro temporal o congelamiento); retirarse definitivamente de la Universidad sin llevar notas (Estudiantes pregrado vespertino régimen semestral).","18-08-2025"
"Evento: Estudiante Término","Término del plazo para realizar solicitudes de Cambio de Carrera, Traslados a otro Campus/Sede, carreras de pregrado vespertino.","12-09-2025"
"Evento: Estudiante Inicio","Plazo para realizar solicitudes de Cambio de Carrera, Traslados a otro Campus/Sede, carreras de pregrado vespertino.","18-08-2025"
